[
    { "id": 1, "value": "Afghanistan" },
    { "id": 2, "value": "Albania" },
    { "id": 3, "value": "Algeria" },
    { "id": 4, "value": "Andorra" },
    { "id": 5, "value": "Angola" },
    { "id": 6, "value": "Antigua and Barbuda" },
    { "id": 7, "value": "Argentina" },
    { "id": 8, "value": "Armenia" },
    { "id": 9, "value": "Australia" },
    { "id": 10, "value": "Austria" },
    { "id": 11, "value": "Azerbaijan" },
    { "id": 12, "value": "Bahamas" },
    { "id": 13, "value": "Bahrain" },
    { "id": 14, "value": "Bangladesh" },
    { "id": 15, "value": "Barbados" },
    { "id": 16, "value": "Belarus" },
    { "id": 17, "value": "Belgium" },
    { "id": 18, "value": "Belize" },
    { "id": 19, "value": "Benin" },
    { "id": 20, "value": "Bhutan" },
    { "id": 21, "value": "Bolivia" },
    { "id": 22, "value": "Bosnia and Herzegovina" },
    { "id": 23, "value": "Botswana" },
    { "id": 24, "value": "Brazil" },
    { "id": 25, "value": "Brunei" },
    { "id": 26, "value": "Bulgaria" },
    { "id": 27, "value": "Burkina Faso" },
    { "id": 28, "value": "Burundi" },
    { "id": 29, "value": "Cabo Verde" },
    { "id": 30, "value": "Cambodia" },
    { "id": 31, "value": "Cameroon" },
    { "id": 32, "value": "Canada" },
    { "id": 33, "value": "Central African Republic" },
    { "id": 34, "value": "Chad" },
    { "id": 35, "value": "Chile" },
    { "id": 36, "value": "China" },
    { "id": 37, "value": "Colombia" },
    { "id": 38, "value": "Comoros" },
    { "id": 39, "value": "Congo (Congo-Brazzaville)" },
    { "id": 40, "value": "Costa Rica" },
    { "id": 41, "value": "Croatia" },
    { "id": 42, "value": "Cuba" },
    { "id": 43, "value": "Cyprus" },
    { "id": 44, "value": "Czechia (Czech Republic)" },
    { "id": 45, "value": "Democratic Republic of the Congo" },
    { "id": 46, "value": "Denmark" },
    { "id": 47, "value": "Djibouti" },
    { "id": 48, "value": "Dominica" },
    { "id": 49, "value": "Dominican Republic" },
    { "id": 50, "value": "Ecuador" },
    { "id": 51, "value": "Egypt" },
    { "id": 52, "value": "El Salvador" },
    { "id": 53, "value": "Equatorial Guinea" },
    { "id": 54, "value": "Eritrea" },
    { "id": 55, "value": "Estonia" },
    { "id": 56, "value": "Eswatini (fmr. Swaziland)" },
    { "id": 57, "value": "Ethiopia" },
    { "id": 58, "value": "Fiji" },
    { "id": 59, "value": "Finland" },
    { "id": 60, "value": "France" },
    { "id": 61, "value": "Gabon" },
    { "id": 62, "value": "Gambia" },
    { "id": 63, "value": "Georgia" },
    { "id": 64, "value": "Germany" },
    { "id": 65, "value": "Ghana" },
    { "id": 66, "value": "Greece" },
    { "id": 67, "value": "Grenada" },
    { "id": 68, "value": "Guatemala" },
    { "id": 69, "value": "Guinea" },
    { "id": 70, "value": "Guinea-Bissau" },
    { "id": 71, "value": "Guyana" },
    { "id": 72, "value": "Haiti" },
    { "id": 73, "value": "Holy See" },
    { "id": 74, "value": "Honduras" },
    { "id": 75, "value": "Hungary" },
    { "id": 76, "value": "Iceland" },
    { "id": 77, "value": "India" },
    { "id": 78, "value": "Indonesia" },
    { "id": 79, "value": "Iran" },
    { "id": 80, "value": "Iraq" },
    { "id": 81, "value": "Ireland" },
    { "id": 82, "value": "Israel" },
    { "id": 83, "value": "Italy" },
    { "id": 84, "value": "Jamaica" },
    { "id": 85, "value": "Japan" },
    { "id": 86, "value": "Jordan" },
    { "id": 87, "value": "Kazakhstan" },
    { "id": 88, "value": "Kenya" },
    { "id": 89, "value": "Kiribati" },
    { "id": 90, "value": "Kuwait" },
    { "id": 91, "value": "Kyrgyzstan" },
    { "id": 92, "value": "Laos" },
    { "id": 93, "value": "Latvia" },
    { "id": 94, "value": "Lebanon" },
    { "id": 95, "value": "Lesotho" },
    { "id": 96, "value": "Liberia" },
    { "id": 97, "value": "Libya" },
    { "id": 98, "value": "Liechtenstein" },
    { "id": 99, "value": "Lithuania" },
    { "id": 100, "value": "Luxembourg" }
]
