[
  { "id": 1, "name": "Afro-Beat" },
  { "id": 2, "name": "Afro-House" },
  { "id": 3, "name": "Afropop" },
  { "id": 4, "name": "Alternative" },
  { "id": 5, "name": "Alternative & Latin Rock" },
  { "id": 6, "name": "Alternative Rock" },
  { "id": 7, "name": "Anime" },
  { "id": 8, "name": "Arabic" },
  { "id": 9, "name": "Ballads and Boleros" },
  { "id": 10, "name": "Big Band" },
  { "id": 11, "name": "Blues" },
  { "id": 12, "name": "Bollywood" },
  { "id": 13, "name": "Brazilian" },
  { "id": 14, "name": "C-Pop" },
  { "id": 15, "name": "Cantopop/HK-Pop" },
  { "id": 16, "name": "Children's Music" },
  { "id": 17, "name": "Chinese" },
  { "id": 18, "name": "Christian & Gospel" },
  { "id": 19, "name": "Classical" },
  { "id": 20, "name": "Comedy" },
  { "id": 21, "name": "Contemporary Latin" },
  { "id": 22, "name": "Country" },
  { "id": 23, "name": "Cuban" },
  { "id": 24, "name": "Dance" },
  { "id": 25, "name": "Dancehall" },
  { "id": 26, "name": "Drum & Bass" },
  { "id": 27, "name": "Dubstep" },
  { "id": 28, "name": "Easy Listening" },
  { "id": 29, "name": "Educational" },
  { "id": 30, "name": "Electronic" },
  { "id": 31, "name": "Enka" },
  { "id": 32, "name": "Experimental" },
  { "id": 33, "name": "Fitness & Workout" },
  { "id": 34, "name": "Folk" },
  { "id": 35, "name": "French Pop" },
  { "id": 36, "name": "German Folk" },
  { "id": 37, "name": "German Pop" },
  { "id": 38, "name": "Hard Techno" },
  { "id": 39, "name": "Hip-Hop/Rap" },
  { "id": 40, "name": "Holiday" },
  { "id": 41, "name": "House" },
  { "id": 42, "name": "Indian" },
  { "id": 43, "name": "Indo Pop" },
  { "id": 44, "name": "Inspirational" },
  { "id": 45, "name": "Instrumental" },
  { "id": 46, "name": "J-Pop" },
  { "id": 47, "name": "Jazz" },
  { "id": 48, "name": "K-Pop" },
  { "id": 49, "name": "Karaoke" },
  { "id": 50, "name": "Kayokyoku" },
  { "id": 51, "name": "Latin" },
  { "id": 52, "name": "Latin Jazz" },
  { "id": 53, "name": "Metal" },
  { "id": 54, "name": "New Age" },
  { "id": 55, "name": "Opera" },
  { "id": 56, "name": "Original Filipino Music" },
  { "id": 57, "name": "Pop" },
  { "id": 58, "name": "Pop Latino" },
  { "id": 59, "name": "Punk" },
  { "id": 60, "name": "R&B" },
  { "id": 61, "name": "Reggae" },
  { "id": 62, "name": "Reggaeton y Hip-Hop" },
  { "id": 63, "name": "Regional Mexican" },
  { "id": 64, "name": "Rock" },
  { "id": 65, "name": "Roots" },
  { "id": 66, "name": "Salsa y Tropical" },
  { "id": 67, "name": "Singer/Songwriter" },
  { "id": 68, "name": "Soul" },
  { "id": 69, "name": "Soundtrack" },
  { "id": 70, "name": "Spoken Word" },
  { "id": 71, "name": "Tai-Pop" },
  { "id": 72, "name": "Techno" },
  { "id": 73, "name": "Thai Pop" },
  { "id": 74, "name": "Trance" },
  { "id": 75, "name": "Trot" },
  { "id": 76, "name": "Vocal/Nostalgia" },
  { "id": 77, "name": "World" },
  { "id": 78, "name": "Zamrock" }
]
