[
  { "value": "Afrikaans", "label": "Afrikaans" },
  { "value": "Amharic", "label": "Amharic" },
  { "value": "Arabic", "label": "Arabic" },
  { "value": "Assamese", "label": "Assamese" },
  { "value": "Aymara", "label": "Aymara" },
  { "value": "Bengali", "label": "Bengali" },
  { "value": "Bhojpuri", "label": "Bhojpuri" },
  { "value": "Brazilian_Portuguese", "label": "Brazilian Portuguese" },
  { "value": "Bulgarian", "label": "Bulgarian" },
  { "value": "Chinese", "label": "Chinese (Simplified and Traditional)" },
  { "value": "Croatian", "label": "Croatian" },
  { "value": "Czech", "label": "Czech" },
  { "value": "Danish", "label": "Danish" },
  { "value": "Dutch", "label": "Dutch" },
  { "value": "English", "label": "English" },
  { "value": "Finnish", "label": "Finnish" },
  { "value": "French", "label": "French" },
  { "value": "German", "label": "German" },
  { "value": "Greek", "label": "Greek" },
  { "value": "Gujarati", "label": "Gujarati" },
  { "value": "Guarani", "label": "Guarani" },
  { "value": "Hausa", "label": "Hausa" },
  { "value": "Hebrew", "label": "Hebrew" },
  { "value": "Hindi", "label": "Hindi" },
  { "value": "Hungarian", "label": "Hungarian" },
  { "value": "Icelandic", "label": "Icelandic" },
  { "value": "Italian", "label": "Italian" },
  { "value": "Japanese", "label": "Japanese" },
  { "value": "Kannada", "label": "Kannada" },
  { "value": "Korean", "label": "Korean" },
  { "value": "Latin_American_Spanish", "label": "Latin American Spanish" },
  { "value": "Malayalam", "label": "Malayalam" },
  { "value": "Marathi", "label": "Marathi" },
  { "value": "Norwegian", "label": "Norwegian" },
  { "value": "Odia", "label": "Odia" },
  { "value": "Polish", "label": "Polish" },
  { "value": "Portuguese", "label": "Portuguese" },
  { "value": "Punjabi", "label": "Punjabi" },
  { "value": "Quechua", "label": "Quechua" },
  { "value": "Rajasthani", "label": "Rajasthani" },
  { "value": "Romanian", "label": "Romanian" },
  { "value": "Russian", "label": "Russian" },
  { "value": "Shona", "label": "Shona" },
  { "value": "Slovak", "label": "Slovak" },
  { "value": "Somali", "label": "Somali" },
  { "value": "Spanish", "label": "Spanish" },
  { "value": "Swahili", "label": "Swahili" },
  { "value": "Swedish", "label": "Swedish" },
  { "value": "Tamil", "label": "Tamil" },
  { "value": "Telugu", "label": "Telugu" },
  { "value": "Turkish", "label": "Turkish" },
  { "value": "Urdu", "label": "Urdu" },
  { "value": "Yoruba", "label": "Yoruba" },
  { "value": "Zulu", "label": "Zulu" }
]
